{
  "id": "9fbd8184-60f6-4220-99d4-158e36d43551",
  "revision": 0,
  "last_node_id": 21,
  "last_link_id": 19,
  "nodes": [
    {
      "id": 2,
      "type": "MultilineTextInput",
      "pos": [
        784.0906372070312,
        262
      ],
      "size": [
        400,
        200
      ],
      "flags": {},
      "order": 0,
      "mode": 0,
      "inputs": [],
      "outputs": [
        {
          "name": "text",
          "type": "STRING",
          "slot_index": 0,
          "links": [
            11
          ]
        }
      ],
      "properties": {
        "cnr_id": "animagine-prompt",
        "ver": "8734c5115cbde087660d835dfe3a6c63ebcb7d49",
        "Node name for S&R": "MultilineTextInput"
      },
      "widgets_values": [
        "A {red|blue|green} dog",
        true,
        3143738042,
        "randomize"
      ]
    },
    {
      "id": 16,
      "type": "DisplayValue",
      "pos": [
        1246,
        262
      ],
      "size": [
        210,
        88
      ],
      "flags": {},
      "order": 3,
      "mode": 0,
      "inputs": [
        {
          "name": "value",
          "type": "*",
          "link": 11
        }
      ],
      "outputs": [
        {
          "name": "STRING",
          "shape": 6,
          "type": "STRING",
          "links": null
        }
      ],
      "properties": {
        "cnr_id": "comfyui-display-value",
        "ver": "1.0.3",
        "Node name for S&R": "DisplayValue",
        "preview": "A green dog"
      },
      "widgets_values": [
        "A green dog"
      ]
    },
    {
      "id": 17,
      "type": "DisplayValue",
      "pos": [
        1240.393798828125,
        529
      ],
      "size": [
        210,
        88
      ],
      "flags": {},
      "order": 4,
      "mode": 0,
      "inputs": [
        {
          "name": "value",
          "type": "*",
          "link": 12
        }
      ],
      "outputs": [
        {
          "name": "STRING",
          "shape": 6,
          "type": "STRING",
          "links": null
        }
      ],
      "properties": {
        "cnr_id": "comfyui-display-value",
        "ver": "1.0.3",
        "Node name for S&R": "DisplayValue",
        "preview": "playful"
      },
      "widgets_values": [
        "playful"
      ]
    },
    {
      "id": 19,
      "type": "DisplayValue",
      "pos": [
        1979.81884765625,
        488.3630676269531
      ],
      "size": [
        210,
        88
      ],
      "flags": {},
      "order": 6,
      "mode": 0,
      "inputs": [
        {
          "name": "value",
          "type": "*",
          "link": 19
        }
      ],
      "outputs": [
        {
          "name": "STRING",
          "shape": 6,
          "type": "STRING",
          "links": null
        }
      ],
      "properties": {
        "cnr_id": "comfyui-display-value",
        "ver": "1.0.3",
        "Node name for S&R": "DisplayValue",
        "preview": "energetic standing wearing vintage clothing in a office building"
      },
      "widgets_values": [
        "energetic standing wearing vintage clothing in a office building"
      ]
    },
    {
      "id": 18,
      "type": "DisplayValue",
      "pos": [
        1979.81884765625,
        262
      ],
      "size": [
        210,
        88
      ],
      "flags": {},
      "order": 5,
      "mode": 0,
      "inputs": [
        {
          "name": "value",
          "type": "*",
          "link": 18
        }
      ],
      "outputs": [
        {
          "name": "STRING",
          "shape": 6,
          "type": "STRING",
          "links": null
        }
      ],
      "properties": {
        "cnr_id": "comfyui-display-value",
        "ver": "1.0.3",
        "Node name for S&R": "DisplayValue",
        "preview": "energetic standing wearing vintage clothing in a office building"
      },
      "widgets_values": [
        "energetic standing wearing vintage clothing in a office building"
      ]
    },
    {
      "id": 9,
      "type": "TextFileLoader",
      "pos": [
        784.0906372070312,
        529
      ],
      "size": [
        412.5999755859375,
        180
      ],
      "flags": {},
      "order": 1,
      "mode": 0,
      "inputs": [],
      "outputs": [
        {
          "name": "selected_line",
          "type": "STRING",
          "slot_index": 0,
          "links": [
            12
          ]
        }
      ],
      "properties": {
        "cnr_id": "animagine-prompt",
        "ver": "8734c5115cbde087660d835dfe3a6c63ebcb7d49",
        "Node name for S&R": "TextFileLoader"
      },
      "widgets_values": [
        "custom_nodes\\ComfyUI-Animagine-Prompt\\example_files\\expressions.txt",
        -1,
        353433227,
        "randomize"
      ]
    },
    {
      "id": 21,
      "type": "MultiWildcardLoader",
      "pos": [
        1513.4754638671875,
        260.9877624511719
      ],
      "size": [
        400,
        564
      ],
      "flags": {},
      "order": 2,
      "mode": 0,
      "inputs": [],
      "outputs": [
        {
          "name": "combined_text",
          "type": "STRING",
          "links": [
            18
          ]
        },
        {
          "name": "preview_text",
          "type": "STRING",
          "links": [
            19
          ]
        }
      ],
      "properties": {
        "cnr_id": "animagine-prompt",
        "ver": "06cfdf420f461a597dd52c9b7c4163741bccb93b",
        "Node name for S&R": "MultiWildcardLoader"
      },
      "widgets_values": [
        "template",
        "{custom_nodes\\ComfyUI-Animagine-Prompt\\example_files\\expressions.txt} {custom_nodes\\ComfyUI-Animagine-Prompt\\example_files\\poses.txt} wearing {custom_nodes\\ComfyUI-Animagine-Prompt\\example_files\\clothing.txt} in a {custom_nodes\\ComfyUI-Animagine-Prompt\\example_files\\scenarios.txt}",
        ", ",
        3116681983,
        "randomize",
        "custom_nodes\\ComfyUI-Animagine-Prompt\\example_files\\expressions.txt",
        true,
        -1,
        "custom_nodes\\ComfyUI-Animagine-Prompt\\example_files\\poses.txt",
        true,
        -1,
        "custom_nodes\\ComfyUI-Animagine-Prompt\\example_files\\clothing.txt",
        true,
        -1,
        "custom_nodes\\ComfyUI-Animagine-Prompt\\example_files\\scenarios.txt",
        true,
        -1,
        "",
        true,
        -1
      ]
    }
  ],
  "links": [
    [
      11,
      2,
      0,
      16,
      0,
      "*"
    ],
    [
      12,
      9,
      0,
      17,
      0,
      "*"
    ],
    [
      18,
      21,
      0,
      18,
      0,
      "*"
    ],
    [
      19,
      21,
      1,
      19,
      0,
      "*"
    ]
  ],
  "groups": [],
  "config": {},
  "extra": {
    "ds": {
      "scale": 1.1000000000000005,
      "offset": [
        -683.4754456662796,
        -116.44231951369439
      ]
    },
    "frontendVersion": "1.23.4",
    "node_versions": {
      "ComfyUI-Jjk-Nodes": "b3c99bb78a99551776b5eab1a820e1cd58f84f31",
      "ComfyUI-Animagine-prompt": "4f0855ce259ac48ae59468d4ce5a8b726a8b2923"
    },
    "ue_links": []
  },
  "version": 0.4
}