{
  "id": "82357ebe-40e9-4beb-b9f5-097ab9863b04",
  "revision": 0,
  "last_node_id": 24,
  "last_link_id": 20,
  "nodes": [
    {
      "id": 18,
      "type": "DisplayValue",
      "pos": [
        435.4519958496094,
        215.26971435546875
      ],
      "size": [
        210,
        88
      ],
      "flags": {},
      "order": 5,
      "mode": 0,
      "inputs": [
        {
          "name": "value",
          "type": "*",
          "link": 17
        }
      ],
      "outputs": [
        {
          "name": "STRING",
          "shape": 6,
          "type": "STRING",
          "links": null
        }
      ],
      "properties": {
        "cnr_id": "comfyui-display-value",
        "ver": "1.0.3",
        "Node name for S&R": "DisplayValue",
        "preview": "1girl, carro pino, .live, masterpiece, best quality, absurdres, high score, great score, good score"
      },
      "widgets_values": [
        "1girl, carro pino, .live, masterpiece, best quality, absurdres, high score, great score, good score"
      ]
    },
    {
      "id": 19,
      "type": "DisplayValue",
      "pos": [
        435.4519958496094,
        395.8799743652344
      ],
      "size": [
        210,
        88
      ],
      "flags": {},
      "order": 6,
      "mode": 0,
      "inputs": [
        {
          "name": "value",
          "type": "*",
          "link": 18
        }
      ],
      "outputs": [
        {
          "name": "STRING",
          "shape": 6,
          "type": "STRING",
          "links": null
        }
      ],
      "properties": {
        "cnr_id": "comfyui-display-value",
        "ver": "1.0.3",
        "Node name for S&R": "DisplayValue",
        "preview": "low quality, worst quality, blurry, bad anatomy, bad hands, text, error, missing fingers, extra digit, fewer digits, cropped, jpeg artifacts, signature, watermark, username, artist name"
      },
      "widgets_values": [
        "low quality, worst quality, blurry, bad anatomy, bad hands, text, error, missing fingers, extra digit, fewer digits, cropped, jpeg artifacts, signature, watermark, username, artist name"
      ]
    },
    {
      "id": 20,
      "type": "DisplayValue",
      "pos": [
        1136.35595703125,
        215.26971435546875
      ],
      "size": [
        210,
        88
      ],
      "flags": {},
      "order": 4,
      "mode": 0,
      "inputs": [
        {
          "name": "value",
          "type": "*",
          "link": 14
        }
      ],
      "outputs": [
        {
          "name": "STRING",
          "shape": 6,
          "type": "STRING",
          "links": null
        }
      ],
      "properties": {
        "cnr_id": "comfyui-display-value",
        "ver": "1.0.3",
        "Node name for S&R": "DisplayValue",
        "preview": "A red dog"
      },
      "widgets_values": [
        "A red dog"
      ]
    },
    {
      "id": 21,
      "type": "DisplayValue",
      "pos": [
        1136.35595703125,
        514.7800903320312
      ],
      "size": [
        210,
        88
      ],
      "flags": {},
      "order": 9,
      "mode": 0,
      "inputs": [
        {
          "name": "value",
          "type": "*",
          "link": 15
        }
      ],
      "outputs": [
        {
          "name": "STRING",
          "shape": 6,
          "type": "STRING",
          "links": null
        }
      ],
      "properties": {
        "cnr_id": "comfyui-display-value",
        "ver": "1.0.3",
        "Node name for S&R": "DisplayValue",
        "preview": "cool"
      },
      "widgets_values": [
        "cool"
      ]
    },
    {
      "id": 2,
      "type": "MultilineTextInput",
      "pos": [
        690.9039916992188,
        215.26971435546875
      ],
      "size": [
        400,
        200
      ],
      "flags": {},
      "order": 0,
      "mode": 0,
      "inputs": [],
      "outputs": [
        {
          "name": "text",
          "type": "STRING",
          "slot_index": 0,
          "links": [
            14
          ]
        }
      ],
      "properties": {
        "cnr_id": "animagine-prompt",
        "ver": "8734c5115cbde087660d835dfe3a6c63ebcb7d49",
        "Node name for S&R": "MultilineTextInput"
      },
      "widgets_values": [
        "A {red|blue|green} dog",
        true,
        321698759,
        "randomize"
      ]
    },
    {
      "id": 22,
      "type": "DisplayValue",
      "pos": [
        1837.260009765625,
        371.51971435546875
      ],
      "size": [
        210,
        88
      ],
      "flags": {},
      "order": 8,
      "mode": 0,
      "inputs": [
        {
          "name": "value",
          "type": "*",
          "link": 20
        }
      ],
      "outputs": [
        {
          "name": "STRING",
          "shape": 6,
          "type": "STRING",
          "links": null
        }
      ],
      "properties": {
        "cnr_id": "comfyui-display-value",
        "ver": "1.0.3",
        "Node name for S&R": "DisplayValue",
        "preview": "warm jumping wearing flowing skirt in a art gallery"
      },
      "widgets_values": [
        "warm jumping wearing flowing skirt in a art gallery"
      ]
    },
    {
      "id": 23,
      "type": "AnimaginePrompt",
      "pos": [
        -10,
        215.26971435546875
      ],
      "size": [
        400,
        498
      ],
      "flags": {},
      "order": 1,
      "mode": 0,
      "inputs": [],
      "outputs": [
        {
          "name": "POSITIVE_PROMPT",
          "type": "STRING",
          "links": [
            17
          ]
        },
        {
          "name": "NEGATIVE_PROMPT",
          "type": "STRING",
          "links": [
            18
          ]
        }
      ],
      "properties": {
        "cnr_id": "animagine-prompt",
        "ver": "06cfdf420f461a597dd52c9b7c4163741bccb93b",
        "Node name for S&R": "AnimaginePrompt"
      },
      "widgets_values": [
        "",
        "",
        true,
        "custom_nodes\\ComfyUI-Animagine-Prompt\\example_files\\example.csv",
        null,
        0,
        false,
        "safe",
        true,
        "masterpiece, best quality, absurdres",
        "high score, great score, good score",
        false,
        "low quality, worst quality",
        "average score, bad score, low score",
        false,
        2024
      ]
    },
    {
      "id": 17,
      "type": "DisplayValue",
      "pos": [
        1837.260009765625,
        215.26971435546875
      ],
      "size": [
        210,
        88
      ],
      "flags": {},
      "order": 7,
      "mode": 0,
      "inputs": [
        {
          "name": "value",
          "type": "*",
          "link": 19
        }
      ],
      "outputs": [
        {
          "name": "STRING",
          "shape": 6,
          "type": "STRING",
          "links": null
        }
      ],
      "properties": {
        "cnr_id": "comfyui-display-value",
        "ver": "1.0.3",
        "Node name for S&R": "DisplayValue",
        "preview": "warm jumping wearing flowing skirt in a art gallery"
      },
      "widgets_values": [
        "warm jumping wearing flowing skirt in a art gallery"
      ]
    },
    {
      "id": 24,
      "type": "MultiWildcardLoader",
      "pos": [
        1391.8079833984375,
        215.26971435546875
      ],
      "size": [
        400,
        564
      ],
      "flags": {},
      "order": 2,
      "mode": 0,
      "inputs": [],
      "outputs": [
        {
          "name": "combined_text",
          "type": "STRING",
          "links": [
            19
          ]
        },
        {
          "name": "preview_text",
          "type": "STRING",
          "links": [
            20
          ]
        }
      ],
      "properties": {
        "cnr_id": "animagine-prompt",
        "ver": "06cfdf420f461a597dd52c9b7c4163741bccb93b",
        "Node name for S&R": "MultiWildcardLoader"
      },
      "widgets_values": [
        "template",
        "{custom_nodes\\ComfyUI-Animagine-Prompt\\example_files\\expressions.txt} {custom_nodes\\ComfyUI-Animagine-Prompt\\example_files\\poses.txt} wearing {custom_nodes\\ComfyUI-Animagine-Prompt\\example_files\\clothing.txt} in a {custom_nodes\\ComfyUI-Animagine-Prompt\\example_files\\scenarios.txt}",
        ", ",
        365623469,
        "randomize",
        "custom_nodes\\ComfyUI-Animagine-Prompt\\example_files\\expressions.txt",
        true,
        -1,
        "custom_nodes\\ComfyUI-Animagine-Prompt\\example_files\\poses.txt",
        true,
        -1,
        "custom_nodes\\ComfyUI-Animagine-Prompt\\example_files\\clothing.txt",
        true,
        -1,
        "custom_nodes\\ComfyUI-Animagine-Prompt\\example_files\\scenarios.txt",
        true,
        -1,
        "",
        true,
        -1
      ]
    },
    {
      "id": 9,
      "type": "TextFileLoader",
      "pos": [
        690.9039916992188,
        514.7800903320312
      ],
      "size": [
        403.5999755859375,
        180
      ],
      "flags": {},
      "order": 3,
      "mode": 0,
      "inputs": [],
      "outputs": [
        {
          "name": "selected_line",
          "type": "STRING",
          "slot_index": 0,
          "links": [
            15
          ]
        }
      ],
      "properties": {
        "cnr_id": "animagine-prompt",
        "ver": "8734c5115cbde087660d835dfe3a6c63ebcb7d49",
        "Node name for S&R": "TextFileLoader"
      },
      "widgets_values": [
        "custom_nodes\\ComfyUI-Animagine-Prompt\\example_files\\expressions.txt",
        -1,
        3980484292,
        "randomize"
      ]
    }
  ],
  "links": [
    [
      14,
      2,
      0,
      20,
      0,
      "*"
    ],
    [
      15,
      9,
      0,
      21,
      0,
      "*"
    ],
    [
      17,
      23,
      0,
      18,
      0,
      "*"
    ],
    [
      18,
      23,
      1,
      19,
      0,
      "*"
    ],
    [
      19,
      24,
      0,
      17,
      0,
      "*"
    ],
    [
      20,
      24,
      1,
      22,
      0,
      "*"
    ]
  ],
  "groups": [],
  "config": {},
  "extra": {
    "ds": {
      "scale": 0.8264462809917354,
      "offset": [
        49.09028925619825,
        33.110988123870136
      ]
    },
    "frontendVersion": "1.23.4",
    "node_versions": {
      "ComfyUI-Jjk-Nodes": "b3c99bb78a99551776b5eab1a820e1cd58f84f31",
      "ComfyUI-Animagine-prompt": "4f0855ce259ac48ae59468d4ce5a8b726a8b2923"
    },
    "ue_links": []
  },
  "version": 0.4
}